{
  "project_info": {
    "project_number": "377880819730",
    "firebase_url": "https://login-f5c50-default-rtdb.asia-southeast1.firebasedatabase.app",
    "project_id": "login-f5c50",
    "storage_bucket": "login-f5c50.appspot.com"
  },
  "client": [
    {
      "client_info": {
        "mobilesdk_app_id": "1:377880819730:android:c0ad0773957518406380cb",
        "android_client_info": {
          "package_name": "com.khusumati.app"
        }
      },
      "oauth_client": [
        {
          "client_id": "377880819730-h313nesifkeakujat3h2b68g7psca7j1.apps.googleusercontent.com",
          "client_type": 3
        }
      ],
      "api_key": [
        {
          "current_key": "AIzaSyASGT5xIqZMG4te1vcjlDpFJhmR_xNLpYA"
        }
      ],
      "services": {
        "appinvite_service": {
          "other_platform_oauth_client": [
            {
              "client_id": "377880819730-h313nesifkeakujat3h2b68g7psca7j1.apps.googleusercontent.com",
              "client_type": 3
            }
          ]
        }
      }
    }
  ],
  "configuration_version": "1"
}